{"8rqFoRdMIMEyddwsorJLgw==":"mbr-1920x1143.jpg","DbOne9fxWJFYbV8LAjVSBA==":"mbr-122x122.png","N2d1SCH26JD0vH3yd9OQ9Q==":"mbr-192x192.png","NIDKpyeN23rQ9skeG16EoQ==":"mbr-676x507.jpg","ZO7gnZkYAnC3zs01lQkENA==":"mbr-676x447.jpg","p1jGw9w2vYHPRGiX3cW2bQ==":"mbr-676x451.jpg","vRwjcBvjRlyrQLdEZbBqBQ==":"mbr-1-676x507.jpg","8q1PMxj62DMoi3sB4lsp1w==":"mbr-1-676x451.jpg","cQCHnSyfNJjsnE3+NXrJBA==":"mbr-696x522.jpg","wbgFz2Sy/D1q3ze7hiT52g==":"mbr-696x379.jpg","v3tzHwaRspGrU+vKRxhHLA==":"mbr-696x464.jpg","4B/QcqVM5qGYtKiMBaNERw==":"mbr-1-696x464.jpg","aVReGkyb9IX4tBpDHL4e8A==":"mbr-2-696x464.jpg","gAkc89Fcl78UmQan0fY5hw==":"mbr-696x466.jpg","TUEhCzGnUTrXafGjn3CcsA==":"mbr-696x484.jpg","Po+UWDhIjF/dbGSLdoJGzg==":"mbr-1-696x522.jpg","6AtyfhENm7TWGqO2t4KDvA==":"mbr-2-696x522.jpg","N3/LT94dVXvqRxjYivtWCw==":"mbr-3-696x464.jpg","1chbmxRXVKtINkjUvLjqAA==":"mbr-696x437.jpg","C7VdGr21u9O41I3V+pqZOw==":"mbr-696x463.jpg","wmvWn6HRRixDP94UwmUTpA==":"mbr-952x714.jpg"}